"HJD";"Uncert.";"O-C";"E";"Reference";"Observer";"Obs. meth.";"Comment"
"2419674.3980";"0.01";"+0.0142";"-77803";"Zinner, 1931";"E. Zinner";"-";""
"2419685.4190";"0.01";"+0.0119";"-77779";"Zinner, 1931";"E. Zinner";"-";""
"2419686.3380";"0.01";"+0.0123";"-77777";"Zinner, 1931";"E. Zinner";"-";""
"2419687.2570";"0.01";"+0.0127";"-77775";"Zinner, 1931";"E. Zinner";"-";""
"2420024.3830";"0.01";"+0.0102";"-77041";"Zinner, 1931";"E. Zinner";"-";""
"2420037.2430";"0.01";"+0.0097";"-77013";"Zinner, 1931";"E. Zinner";"-";""
"2420039.0800";"0.01";"+0.0095";"-77009";"Zinner, 1931";"E. Zinner";"-";""
"2420042.2960";"0.01";"+0.0104";"-77002";"Zinner, 1931";"E. Zinner";"-";""
"2420054.2380";"0.01";"+0.0105";"-76976";"Zinner, 1931";"E. Zinner";"-";""
"2420076.2840";"0.01";"+0.0100";"-76928";"Zinner, 1931";"E. Zinner";"-";""
"2420122.2140";"0.01";"+0.0096";"-76828";"Zinner, 1931";"E. Zinner";"-";""
"2424373.5220";"0.01";"+0.0078";"-67572";"Ivanov, 1926a";"N. Ivanov";"-";""
"2424379.4920";"0.01";"+0.0068";"-67559";"Ivanov, 1926a";"N. Ivanov";"-";""
"2424415.3160";"0.01";"+0.0052";"-67481";"Ivanov, 1926a";"N. Ivanov";"-";""
"2425069.3530";"0.01";"-0.0055";"-66057";"Eropkin, Okunev, 1930";"V.P. Tsesevich";"-";""
"2425086.3500";"0.01";"-0.0027";"-66020";"Eropkin, Okunev, 1930";"V.P. Tsesevich";"-";""
"2425087.2720";"0.01";"+0.0007";"-66018";"Eropkin, Okunev, 1930";"V.P. Tsesevich";"-";""
"2425092.3220";"0.01";"-0.0016";"-66007";"Eropkin, Okunev, 1930";"V.P. Tsesevich";"-";""
"2425093.2380";"0.01";"-0.0042";"-66005";"Eropkin, Okunev, 1930";"V.P. Tsesevich";"-";""
"2425096.4550";"0.01";"-0.0024";"-65998";"Eropkin, Okunev, 1930";"V.P. Tsesevich";"-";""
"2425097.3740";"0.01";"-0.0020";"-65996";"Eropkin, Okunev, 1930";"V.P. Tsesevich";"-";""
"2425097.3771";"0.01";"+0.0011";"-65996";"GCVS";"-";"-";""
"2425098.2930";"0.01";"-0.0016";"-65994";"Eropkin, Okunev, 1930";"V.P. Tsesevich";"-";""
"2425102.4250";"0.01";"-0.0033";"-65985";"Eropkin, Okunev, 1930";"V.P. Tsesevich";"-";""
"2425104.2640";"0.01";"-0.0015";"-65981";"Eropkin, Okunev, 1930";"V.P. Tsesevich";"-";""
"2425108.3960";"0.01";"-0.0032";"-65972";"Eropkin, Okunev, 1930";"V.P. Tsesevich";"-";""
"2425120.3380";"0.01";"-0.0031";"-65946";"Eropkin, Okunev, 1930";"V.P. Tsesevich";"-";""
"2425121.2570";"0.01";"-0.0027";"-65944";"Eropkin, Okunev, 1930";"V.P. Tsesevich";"-";""
"2425125.3910";"0.01";"-0.0025";"-65935";"Eropkin, Okunev, 1930";"V.P. Tsesevich";"-";""
"2425127.2280";"0.01";"-0.0027";"-65931";"Eropkin, Okunev, 1930";"V.P. Tsesevich";"-";""
"2425127.2290";"0.01";"-0.0017";"-65931";"Eropkin, Okunev, 1930";"D. Eropkin";"-";""
"2426577.2510";"0.01";"+0.0003";"-62774";"Tsesevich, 1933, 1934, 1935";"V.P. Tsesevich";"-";""
"2426949.2870";"0.01";"+0.0008";"-61964";"Tsesevich, 1933, 1934, 1935";"V.P. Tsesevich";"-";""
"2426971.3310";"0.01";"-0.0018";"-61916";"Tsesevich, 1933, 1934, 1935";"N.F. Florya";"-";""
"2427325.4580";"0.01";"+0.0025";"-61145";"Lange, 1938";"G.A. Lange";"-";""
"2427662.5840";"0.01";"-0.0000";"-60411";"Tsesevich, 1934";"V.P. Tsesevich";"-";""
"2427769.1370";"0.01";"-0.0053";"-60179";"Tsesevich, 1934";"G.A. Lange";"-";""
"2427769.1390";"0.01";"-0.0033";"-60179";"Kanishcheva, Lange, 1971";"G.A. Lange";"vis";""
"2428021.3020";"0.01";"+0.0022";"-59630";"Kanishcheva, Lange, 1971";"G.A. Lange";"vis";""
"2428031.8720";"0.01";"+0.0083";"-59607";"Kanishcheva, Lange, 1971";"G.A. Lange";"vis";"normal max."
"2428067.2380";"0.01";"+0.0079";"-59530";"Kanishcheva, Lange, 1971";"G.A. Lange";"vis";""
"2433860.4240";"0.01";"+0.0034";"-46917";"Alania, 1954";"I.F. Alania";"pg";""
"2433895.3220";"0.01";"-0.0056";"-46841";"Domke, Pohl, 1953";"D. Sofronijevic";"vis";""
"2433895.3230";"0.01";"-0.0046";"-46841";"Domke, Pohl, 1953";"E. Born";"vis";""
"2433898.5360";"0.01";"-0.0067";"-46834";"Domke, Pohl, 1953";"D. Sofronijevic";"vis";""
"2433898.5400";"0.01";"-0.0027";"-46834";"Domke, Pohl, 1953";"E. Born";"vis";""
"2433900.3800";"0.01";"+0.0000";"-46830";"Domke, Pohl, 1953";"E. Born";"vis";""
"2433900.3800";"0.01";"+0.0000";"-46830";"Domke, Pohl, 1953";"D. Sofronijevic";"vis";""
"2433917.3690";"0.01";"-0.0052";"-46793";"Domke, Pohl, 1953";"E. Born";"vis";""
"2433917.3720";"0.01";"-0.0022";"-46793";"Domke, Pohl, 1953";"D. Sofronijevic";"vis";""
"2433918.2920";"0.01";"-0.0008";"-46791";"Domke, Pohl, 1953";"D. Sofronijevic";"vis";""
"2433918.2950";"0.01";"+0.0022";"-46791";"Domke, Pohl, 1953";"E. Born";"vis";""
"2433929.3160";"0.01";"-0.0001";"-46767";"Domke, Pohl, 1953";"E. Born";"vis";""
"2434272.4160";"0.01";"+0.0005";"-46020";"Pohl, 1955";"E. Born";"vis";""
"2437139.3870";"0.01";"+0.0013";"-39778";"Lange, 1960d";"G.A. Lange";"vis";""
"2437144.4400";"0.01";"+0.0020";"-39767";"Lange, 1960d";"G.A. Lange";"vis";""
"2437522.4450";"0.01";"+0.0005";"-38944";"Lange, 1961c";"G.A. Lange";"vis";""
"2437523.3580";"0.01";"-0.0051";"-38942";"Lange, 1961c";"G.A. Lange";"vis";""
"2437528.4190";"0.01";"+0.0035";"-38931";"Lange, 1961c";"G.A. Lange";"vis";""
"2437533.4740";"0.01";"+0.0062";"-38920";"Lange, 1961c";"G.A. Lange";"vis";""
"2437546.3320";"0.01";"+0.0037";"-38892";"Lange, 1962a";"G.A. Lange";"vis";""
"2437557.3530";"0.01";"+0.0014";"-38868";"Lange, 1962a";"G.A. Lange";"vis";""
"2437575.2620";"0.01";"-0.0024";"-38829";"Lange, 1962a";"G.A. Lange";"vis";""
"2437908.2540";"0.01";"-0.0052";"-38104";"Tsesevich, 1969a";"G.A. Lange";"-";""
"2437925.2480";"0.01";"-0.0054";"-38067";"Tsesevich, 1969a";"G.A. Lange";"-";""
"2438285.8033";"0.01";"-0.0030";"-37282";"AA15,103";"-";"-";""
"2438675.7580";"0.01";"+0.0033";"-36433";"Fitch et al., 1966";"-";"-";""
"2438697.3390";"0.01";"-0.0029";"-36386";"Clube et al., 1969";"-";"pe";""
"2439026.6640";"0.01";"+0.0017";"-35669";"Fitch et al., 1966";"-";"-";""
"2440549.7090";"0.0010";"-0.0025";"-32353";"Samolyk, 2017b";"T. Cragg";"vis";""
"2441208.3470";"0.01";"-0.0052";"-30919";"Lub, 1977";"-";"-";""
"2445586.4398";"0.01";"+0.0101";"-21387";"Le Borgne, 2004";"J.F. Le Borgne";"vis";""
"2445586.4419";"0.01";"+0.0122";"-21387";"Le Borgne, 2004";"E. Nezry";"vis";""
"2446640.5350";"0.0080";"+0.0045";"-19092";"Vandenbroere, Ferrand, 2018";"S. Ferrand";"vis";""
"2447014.4010";"0.01";"-0.0022";"-18278";"H&#252;bscher, Lichtenknecker, 1988";"E. Wunder";"vis";""
"2447747.4560";"0.01";"+0.0050";"-16682";"Le Borgne, 2004";"J. Aubaud";"pg";""
"2448090.5520";"0.01";"+0.0015";"-15935";"Le Borgne, 2004";"J. Aubaud";"pg";""
"2448189.2960";"0.01";"-0.0046";"-15720";"H&#252;bscher et al., 1991";"G. Maintz";"vis";""
"2448500.2802";"0.01";"+0.0313";"-15043";"Hipparcos,1997";"Hipparcos";"pe";"filter V, not to be used"
"2449635.6500";"0.0040";"+0.0038";"-12571";"Samolyk, 2017b";"G. Samolyk";"vis";""
"2450003.5560";"0.0050";"+0.0080";"-11770";"Samolyk, 2017b";"G. Samolyk";"vis";""
"2450257.5490";"0.0020";"+0.0063";"-11217";"Samolyk, 2017b";"I. Fernandez";"vis";""
"2450257.5490";"0.0030";"+0.0063";"-11217";"Samolyk, 2017b";"M. Tejera";"vis";""
"2450257.5550";"0.0080";"+0.0123";"-11217";"Samolyk, 2017b";"F. Turi";"vis";""
"2450332.4130";"0.01";"+0.0039";"-11054";"H&#252;bscher et al., 1999";"M. Dahm";"vis";""
"2450347.5650";"0.0020";"-0.0011";"-11021";"Samolyk, 2017b";"G. Chaple";"vis";""
"2450361.3466";"0.0003";"+0.0014";"-10991";"Agerer, H&#252;bscher, 1998a";"W. Kleikamp";"ccd";""
"2450699.3925";"0.0003";"+0.0002";"-10255";"Agerer, H&#252;bscher, 1998b";"W. Kleikamp";"ccd";""
"2451045.7060";"0.0040";"-0.0009";" -9501";"Samolyk, 2017b";"R. Berg";"vis";""
"2451051.6780";"0.0040";"+0.0002";" -9488";"Samolyk, 2017b";"R. Berg";"vis";""
"2451056.7270";"0.0030";"-0.0031";" -9477";"Samolyk, 2017b";"R. Berg";"vis";""
"2451109.5510";"0.0030";"+0.0010";" -9362";"Samolyk, 2017b";"R. Berg";"vis";""
"2451287.7620";"0.01";"+0.0024";" -8974";"A.Paschke, 2004, private com.";"Rotse";"ccd";"normal max."
"2451429.6860";"0.0030";"+0.0017";" -8665";"Samolyk, 2017b";"R. Berg";"vis";""
"2451435.6500";"0.0080";"-0.0052";" -8652";"Samolyk, 2017b";"R. Berg";"vis";""
"2451452.6400";"0.01";"-0.0094";" -8615";"Wils et al., 2006";"Rotse";"ccd";"normal max."
"2451782.4260";"0.01";"-0.0031";" -7897";"H&#252;bscher, 2001";"R. Meyer";"vis";""
"2451785.6420";"0.0080";"-0.0022";" -7890";"Samolyk, 2017b";"R. Berg";"vis";""
"2451812.7430";"0.0040";"-0.0001";" -7831";"Samolyk, 2017b";"R. Hill";"vis";""
"2451837.5540";"0.0040";"+0.0085";" -7777";"Samolyk, 2017b";"G. Samolyk";"vis";""
"2451840.2930";"0.01";"-0.0083";" -7771";"Agerer, H&#252;bscher, 2002";"G. Maintz";"ccd";""
"2451840.3019";"0.01";"+0.0006";" -7771";"Agerer, H&#252;bscher, 2002";"W. Kleikamp";"ccd";""
"2452142.5330";"0.01";"+0.0102";" -7113";"A.Paschke, 2004, private com.";"ASAS";"ccd";"normal max."
"2452853.5298";"0.01";"+0.0058";" -5565";"H&#252;bscher, 2005b";"A. Paschke";"ccd";""
"2452854.4580";"0.01";"+0.0154";" -5563";"H&#252;bscher, 2005a";"R. Meyer";"vis";""
"2452893.0260";"0.0020";"+0.0019";" -5479";"Le Borgne et al., 2008c";"N. Butterworth";"ccd";"Filter V; Data from AAVSO database"
"2452902.6721";"0.0013";"+0.0026";" -5458";"Samolyk, 2010";"G. Samolyk";"ccd";"V filter"
"2452929.3140";"0.01";"+0.0050";" -5400";"H&#252;bscher, 2005b";"K. Poschinger";"ccd";"-Ir"
"2452966.9730";"0.01";"+0.0011";" -5318";"Hirosawa, 2012";"K. Hirosawa";"vis";""
"2453209.4910";"0.01";"+0.0070";" -4790";"H&#252;bscher, 2005c";"R. Meyer";"vis";""
"2453226.4830";"0.0050";"+0.0048";" -4753";"Le Borgne et al., 2005a";"Tarot - Calern";"ccd";""
"2453239.8017";"0.0013";"+0.0037";" -4724";"Samolyk, 2010";"G. Samolyk";"ccd";"V filter"
"2453250.3660";"0.01";"+0.0041";" -4701";"H&#252;bscher, 2005c";"R. Meyer";"vis";""
"2453254.5050";"0.0050";"+0.0093";" -4692";"Le Borgne et al., 2005a";"Tarot - Calern";"ccd";""
"2453265.9810";"0.0030";"+0.0028";" -4667";"Le Borgne et al., 2008c";"N. Butterworth";"ccd";"Filter V; Data from AAVSO database"
"2453315.5860";"0.0013";"+0.0030";" -4559";"Samolyk, 2010";"G. Samolyk";"ccd";"V filter"
"2453570.5050";"0.0050";"+0.0088";" -4004";"Le Borgne et al., 2006a";"Tarot - Calern";"ccd";""
"2453581.5220";"0.0030";"+0.0025";" -3980";"Le Borgne et al., 2006a";"Tarot - Calern";"ccd";""
"2453587.4970";"0.0020";"+0.0066";" -3967";"Le Borgne et al., 2006a";"Tarot - Calern";"ccd";""
"2453598.5200";"0.0020";"+0.0063";" -3943";"Le Borgne et al., 2006a";"Tarot - Calern";"ccd";""
"2453616.4290";"0.0020";"+0.0025";" -3904";"Le Borgne et al., 2006a";"Tarot - Calern";"ccd";""
"2453672.0043";"0.0018";"+0.0021";" -3783";"Le Borgne et al., 2008c";"N. Butterworth";"ccd";"Filter V; Data from AAVSO database"
"2453729.8760";"0.01";"+0.0016";" -3657";"Hirosawa, 2012";"K. Hirosawa";"vis";""
"2453936.5640";"0.0020";"+0.0032";" -3207";"Le Borgne et al., 2007a";"Tarot - Calern";"ccd";""
"2453942.5360";"0.0020";"+0.0042";" -3194";"Le Borgne et al., 2007a";"Tarot - Calern";"ccd";""
"2453948.5060";"0.0030";"+0.0033";" -3181";"Le Borgne et al., 2007a";"Tarot - Calern";"ccd";""
"2453960.4460";"0.0020";"+0.0014";" -3155";"Le Borgne et al., 2007a";"Tarot - Calern";"ccd";""
"2453970.5530";"0.0030";"+0.0037";" -3133";"Le Borgne et al., 2007a";"Tarot - Calern";"ccd";""
"2454000.4070";"0.0020";"+0.0030";" -3068";"Le Borgne et al., 2007a";"Tarot - Calern";"ccd";""
"2454017.4010";"0.0040";"+0.0028";" -3031";"Le Borgne et al., 2007a";"Tarot - Calern";"ccd";""
"2454018.3210";"0.0020";"+0.0042";" -3029";"Le Borgne et al., 2007a";"Tarot - Calern";"ccd";""
"2454023.3720";"0.0020";"+0.0029";" -3018";"Le Borgne et al., 2007a";"Tarot - Calern";"ccd";""
"2454023.3722";"0.0010";"+0.0031";" -3018";"Vandenbroere, Denoux, 2007";"E. Denoux";"ccd";""
"2454024.2980";"0.0200";"+0.0103";" -3016";"Vandenbroere, Denoux, 2007";"J. Vandenbroere";"vis";""
"2454033.9350";"0.01";"+0.0019";" -2995";"Hirosawa, 2012";"K. Hirosawa";"vis";""
"2454058.2890";"0.0200";"+0.0128";" -2942";"Vandenbroere, Denoux, 2007";"J. Vandenbroere";"vis";""
"2454277.8260";"0.0020";"+0.0029";" -2464";"Le Borgne et al., 2007b";"Tarot - Chile";"ccd";""
"2454316.4080";"0.0030";"+0.0035";" -2380";"Le Borgne et al., 2008a";"Tarot - Calern";"ccd";""
"2454343.5100";"0.0050";"+0.0066";" -2321";"Le Borgne et al., 2008a";"Tarot - Calern";"ccd";""
"2454349.4800";"0.0040";"+0.0056";" -2308";"Le Borgne et al., 2008a";"Tarot - Calern";"ccd";""
"2454355.4490";"0.0020";"+0.0037";" -2295";"Le Borgne et al., 2008a";"Tarot - Calern";"ccd";""
"2454356.3700";"0.0050";"+0.0061";" -2293";"Le Borgne et al., 2008a";"Tarot - Calern";"ccd";""
"2454360.0409";"0.0017";"+0.0026";" -2285";"Le Borgne et al., 2008c";"N. Butterworth";"ccd";"Filter V; Data from AAVSO database"
"2454372.4390";"0.0020";"-0.0005";" -2258";"Le Borgne et al., 2008a";"Tarot - Calern";"ccd";""
"2454394.0280";"0.0020";"+0.0012";" -2211";"J. Vandenbroere, 2011, pr. com.";"N. Butterworth";"ccd";"Data from AAVSO database, max. measured by J.Vandenbroere and G. Maintz"
"2454400.9190";"0.01";"+0.0027";" -2196";"Hirosawa, 2012";"K. Hirosawa";"vis";""
"2454677.4210";"0.0020";"+0.0042";" -1594";"Le Borgne et al., 2009a";"Tarot - Calern";"ccd";""
"2454682.4710";"0.0030";"+0.0019";" -1583";"Le Borgne et al., 2009a";"Tarot - Calern";"ccd";""
"2454699.4680";"0.0020";"+0.0047";" -1546";"Le Borgne et al., 2009a";"Tarot - Calern";"ccd";""
"2454700.3850";"0.0020";"+0.0030";" -1544";"Le Borgne et al., 2009a";"Tarot - Calern";"ccd";""
"2454705.4368";"0.0012";"+0.0025";" -1533";"Le Borgne et al., 2009a";"Tarot - Calern";"ccd";""
"2454724.7250";"0.0010";"-0.0000";" -1491";"J. Vandenbroere, 2011, pr. com.";"R. Sabo";"ccd";"Data from AAVSO database, max. measured by J.Vandenbroere and G. Maintz"
"2454727.4840";"0.0030";"+0.0032";" -1485";"Le Borgne et al., 2009a";"Tarot - Calern";"ccd";""
"2454728.4110";"0.0100";"+0.0116";" -1483";"Vandenbroere, Salmon, 2009";"J. Vandenbroere";"vis";""
"2454753.2040";"0.0020";"+0.0022";" -1429";"J. Vandenbroere, 2011, pr. com.";"Y. Ogmen";"ccd";"Data from AAVSO database, max. measured by J.Vandenbroere and G. Maintz, R filte"
"2454757.3430";"0.0100";"+0.0075";" -1420";"Vandenbroere, Salmon, 2009";"J. Vandenbroere";"vis";""
"2454784.8930";"0.01";"-0.0007";" -1360";"Hirosawa, 2012";"K. Hirosawa";"vis";""
"2455037.5146";"0.0015";"+0.0041";"  -810";"Le Borgne et al., 2010a";"Tarot - Calern";"ccd";""
"2455055.4270";"0.0020";"+0.0037";"  -771";"Le Borgne et al., 2010a";"Tarot - Calern";"ccd";""
"2455082.5230";"0.0020";"+0.0008";"  -712";"Le Borgne et al., 2010a";"Tarot - Calern";"ccd";""
"2455083.4434";"0.0009";"+0.0026";"  -710";"H&#252;bscher, 2011";"G.-U. Flechsig";"ccd";""
"2455088.4970";"0.0020";"+0.0039";"  -699";"Le Borgne et al., 2010a";"Tarot - Calern";"ccd";""
"2455122.9410";"0.01";"+0.0002";"  -624";"Hirosawa, 2012";"K. Hirosawa";"vis";""
"2455138.5600";"0.0012";"+0.0029";"  -590";"Samolyk, 2010";"G. Samolyk";"ccd";"V filter"
"2455138.5600";"0.0020";"+0.0029";"  -590";"J. Vandenbroere, 2011, pr. com.";"G. Samolyk";"ccd";"Data from AAVSO database, max. measured by J.Vandenbroere and G. Maintz"
"2455388.8790";"0.0030";"+0.0016";"   -45";"Le Borgne et al., 2011a";"Tarot - Chile";"ccd";""
"2455409.5485";"0.0015";"+0.0025";"    +0";"Le Borgne et al., 2011a";"Tarot - Calern";"ccd";""
"2455420.5710";"0.0030";"+0.0017";"   +24";"Le Borgne et al., 2011a";"Tarot - Calern";"ccd";""
"2455423.7870";"0.0040";"+0.0026";"   +31";"Le Borgne et al., 2011a";"Tarot - Chile";"ccd";""
"2455443.9890";"0.01";"-0.0047";"   +75";"Hirosawa, 2012";"K. Hirosawa";"dslr";""
"2455445.3740";"0.0020";"+0.0024";"   +78";"Le Borgne et al., 2011a";"Tarot - Calern";"ccd";""
"2455453.6420";"0.0020";"+0.0029";"   +96";"Le Borgne et al., 2011a";"Tarot - Chile";"ccd";""
"2455765.5074";"0.0014";"+0.0015";"  +775";"Le Borgne et al., 2012a";"Tarot - Calern";"ccd";""
"2455770.5608";"0.0014";"+0.0025";"  +786";"Le Borgne et al., 2012a";"Tarot - Calern";"ccd";""
"2455777.9087";"0.0007";"+0.0016";"  +802";"Samolyk, 2012";"R. Sabo";"ccd";"V filter"
"2455783.4220";"0.0020";"+0.0032";"  +814";"Le Borgne et al., 2012a";"Tarot - Calern";"ccd";""
"2455790.7716";"0.0009";"+0.0040";"  +830";"Samolyk, 2012";"R. Sabo";"ccd";"V filter"
"2455799.4975";"0.0010";"+0.0031";"  +849";"Le Borgne et al., 2012a";"Tarot - Calern";"ccd";""
"2455804.5499";"0.0015";"+0.0032";"  +860";"Le Borgne et al., 2012a";"Tarot - Calern";"ccd";""
"2455806.3873";"0.0012";"+0.0034";"  +864";"H&#252;bscher et al., 2013";"G. Flechsig";"ccd";""
"2455806.8453";"0.0010";"+0.0021";"  +865";"Samolyk, 2012";"R. Sabo";"ccd";"V filter"
"2455834.4031";"0.0010";"+0.0017";"  +925";"Le Borgne et al., 2012a";"Tarot - Calern";"ccd";""
"2455836.7000";"0.0010";"+0.0021";"  +930";"Samolyk, 2012";"R. Sabo";"ccd";"V filter"
"2455846.3480";"0.0020";"+0.0047";"  +951";"Le Borgne et al., 2012a";"Tarot - Calern";"ccd";""
"2456120.5497";"0.0014";"+0.0024";" +1548";"Le Borgne et al., 2013a";"Tarot - Calern";"ccd";""
"2456121.4683";"0.0015";"+0.0024";" +1550";"Le Borgne et al., 2013a";"Tarot - Calern";"ccd";""
"2456148.5670";"0.0020";"+0.0022";" +1609";"Le Borgne et al., 2013a";"Tarot - Calern";"ccd";""
"2456160.5095";"0.0015";"+0.0029";" +1635";"Le Borgne et al., 2013a";"Tarot - Calern";"ccd";""
"2456161.4284";"0.0015";"+0.0032";" +1637";"Le Borgne et al., 2013a";"Tarot - Calern";"ccd";""
"2456177.5030";"0.0020";"+0.0021";" +1672";"Le Borgne et al., 2013a";"Tarot - Calern";"ccd";""
"2456181.6361";"0.0013";"+0.0015";" +1681";"Le Borgne et al., 2013a";"Tarot - Chile";"ccd";""
"2456206.4389";"0.0010";"+0.0020";" +1735";"Le Borgne et al., 2013a";"Tarot - Calern";"ccd";""
"2456219.2990";"0.0020";"+0.0016";" +1763";"Le Borgne et al., 2013a";"Tarot - Calern";"ccd";""
"2456262.9332";"0.0020";"+0.0020";" +1858";"Hirosawa, 2013";"K. Hirosawa";"ccd";"V filter"
"2456449.8691";"0.0009";"+0.0015";" +2265";"Samolyk, 2014";"R. Sabo";"ccd";"V filter"
"2456487.5341";"0.0014";"+0.0036";" +2347";"J.F. Le Borgne, 2013b, pr. com.";"Tarot - Calern";"ccd";""
"2456488.4521";"0.0016";"+0.0030";" +2349";"J.F. Le Borgne, 2013b, pr. com.";"Tarot - Calern";"ccd";""
"2456515.5505";"0.0016";"+0.0025";" +2408";"J.F. Le Borgne, 2013b, pr. com.";"Tarot - Calern";"ccd";""
"2456516.0053";"0.0020";"-0.0020";" +2409";"Hirosawa, 2014";"K. Hirosawa";"dslr";"green channel, Canon Kiss X3 (EOS 500D)"
"2456517.3873";"0.0014";"+0.0021";" +2412";"J.F. Le Borgne, 2013b, pr. com.";"Tarot - Calern";"ccd";""
"2456539.4346";"0.0015";"+0.0029";" +2460";"J.F. Le Borgne, 2013b, pr. com.";"Tarot - Calern";"ccd";""
"2456540.3533";"0.0030";"+0.0030";" +2462";"J.F. Le Borgne, 2013b, pr. com.";"Tarot - Calern";"ccd";""
"2456557.3462";"0.0016";"+0.0017";" +2499";"J.F. Le Borgne, 2013b, pr. com.";"Tarot - Calern";"ccd";""
"2456570.6654";"0.0009";"+0.0011";" +2528";"Samolyk, 2014";"R. Sabo";"ccd";"V filter"
"2456574.3408";"0.0028";"+0.0020";" +2536";"J.F. Le Borgne, 2013b, pr. com.";"Tarot - Calern";"ccd";""
"2456857.7315";"0.0020";"+0.0027";" +3153";"J.F. Le Borgne, 2014b, pr. com.";"Tarot - Chile";"ccd";""
"2456887.5840";"0.0010";"+0.0005";" +3218";"J.F. Le Borgne, 2014b, pr. com.";"Tarot - Calern";"ccd";""
"2456901.3660";"0.0007";"+0.0034";" +3248";"Samolyk, 2015";"T. Arranz";"ccd";"V filter"
"2456921.5742";"0.0019";"+0.0023";" +3292";"J.F. Le Borgne, 2014b, pr. com.";"Tarot - Chile";"ccd";""
"2456922.4973";"0.0046";"+0.0068";" +3294";"J.F. Le Borgne, 2014b, pr. com.";"Tarot - Calern";"ccd";""
"2456928.4639";"0.0013";"+0.0024";" +3307";"J.F. Le Borgne, 2014b, pr. com.";"Tarot - Calern";"ccd";""
"2456979.9059";"0.0020";"+0.0025";" +3419";"Hirosawa, 2015";"K. Hirosawa";"ccd";"C filter"
"2457202.2093";"0.0013";"+0.0031";" +3903";"J.F. Le Borgne, 2015, pr. com.";"K. Hirosawa";"ccd";"V filter"
"2457215.5258";"0.0011";"-0.0001";" +3932";"J.F. Le Borgne, 2015b, pr. com.";"Tarot - Calern";"ccd";""
"2457216.4465";"0.0027";"+0.0019";" +3934";"J.F. Le Borgne, 2015b, pr. com.";"Tarot - Calern";"ccd";""
"2457221.4995";"0.0015";"+0.0026";" +3945";"J.F. Le Borgne, 2015b, pr. com.";"Tarot - Calern";"ccd";""
"2457227.4701";"0.0014";"+0.0023";" +3958";"J.F. Le Borgne, 2015b, pr. com.";"Tarot - Calern";"ccd";""
"2457230.6853";"0.0012";"+0.0023";" +3965";"J.F. Le Borgne, 2015b, pr. com.";"Tarot - Chile";"ccd";""
"2457239.4118";"0.0016";"+0.0021";" +3984";"J.F. Le Borgne, 2015b, pr. com.";"Tarot - Calern";"ccd";""
"2457266.5097";"0.0014";"+0.0011";" +4043";"J.F. Le Borgne, 2015b, pr. com.";"Tarot - Calern";"ccd";""
"2457321.6261";"0.0008";"+0.0011";" +4163";"Samolyk, 2016";"G. Samolyk";"ccd";"V filter"
"2457321.6264";"0.0008";"+0.0014";" +4163";"Samolyk, 2016";"N. Simmons";"ccd";"V filter"
"2457567.8145";"0.0019";"+0.0030";" +4699";"J.F. Le Borgne, 2016a, pr. com.";"Tarot - Chile";"ccd";""
"2457595.8294";"0.0008";"+0.0005";" +4760";"Samolyk, 2017a";"G. Samolyk";"ccd";"V filter"
"2457613.7461";"0.0012";"+0.0043";" +4799";"J.F. Le Borgne, 2016a, pr. com.";"Tarot - Chile";"ccd";""
"2457635.7903";"0.0007";"+0.0020";" +4847";"Samolyk, 2017a";"G. Samolyk";"ccd";"V filter"
"2457640.3838";"0.0014";"+0.0024";" +4857";"J.F. Le Borgne, 2016a, pr. com.";"Tarot - Calern";"ccd";""
"2457649.5691";"0.0017";"+0.0017";" +4877";"J.F. Le Borgne, 2016a, pr. com.";"Tarot - Chile";"ccd";""
"2457663.3493";"0.0017";"+0.0028";" +4907";"J.F. Le Borgne, 2016a, pr. com.";"Tarot - Calern";"ccd";""
"2457699.6329";"0.0008";"+0.0014";" +4986";"Samolyk, 2017a";"G. Samolyk";"ccd";"V filter"
"2457904.9420";"0.0010";"+0.0020";" +5433";"Samolyk, 2018a";"T. Polakis";"ccd";"V filter"
"2457951.7912";"0.0009";"+0.0023";" +5535";"Samolyk, 2018a";"G. Samolyk";"ccd";"V filter"
"2457988.5350";"0.0020";"+0.0019";" +5615";"J.F. Le Borgne, 2017a, pr. com.";"Tarot - Calern";"ccd";""
"2458011.4960";"0.0020";"-0.0023";" +5665";"J.F. Le Borgne, 2017a, pr. com.";"Tarot - Calern";"ccd";""
"2458024.3615";"0.0007";"+0.0027";" +5693";"Samolyk, 2018a";"T. Arranz";"ccd";"V filter"
"2458030.3324";"0.0008";"+0.0027";" +5706";"Samolyk, 2018a";"T. Arranz";"ccd";"V filter"
"2458032.6288";"0.0009";"+0.0026";" +5711";"Samolyk, 2018a";"T. Polakis";"ccd";"V filter"
"2458042.7334";"0.0005";"+0.0025";" +5733";"Samolyk, 2018a";"T. Polakis";"ccd";"V filter"
"2458051.9188";"0.0008";"+0.0018";" +5753";"J.F. Le Borgne, 2017, pr. com.";"K. Hirosawa";"ccd";"V filter"
"2458064.3200";"0.0006";"+0.0019";" +5780";"Samolyk, 2018a";"T. Arranz";"ccd";"V filter"
"2458348.1716";"0.0014";"+0.0041";" +6398";"J.F. Le Borgne, 2018, pr. com.";"K. Hirosawa";"ccd";"-"
"2458355.5192";"0.0008";"+0.0029";" +6414";"Samolyk, 2019b";"T. Arranz";"ccd";"V filter"
"2458356.4389";"0.0009";"+0.0040";" +6416";"Samolyk, 2019b";"T. Arranz";"ccd";"V filter"
"2458396.3985";"0.0009";"+0.0042";" +6503";"Pagel, 2019";"O. Nickel";"ccd";"V filter; also in Pagel L., BAV Mitteilung Feb. 2019"
"2458671.5217";"0.0011";"+0.0048";" +7102";"Pagel, 2020";"M. Hoecherl";"ccd";"V filter"
"2458699.9999";"0.01";"+0.0062";" +7164";"J. Vandenbroere, 2020, pr. com.";"ASAS-SN";"ccd";"g filter; bright measurement"
"2458745.4741";"0.01";"+0.0094";" +7263";"J. Vandenbroere, 2020, pr. com.";"ASAS-SN";"ccd";"g filter; bright measurement"
"2458754.6576";"0.01";"+0.0068";" +7283";"J. Vandenbroere, 2020, pr. com.";"ASAS-SN";"ccd";"g filter; bright measurement"
"2458809.3202";"0.01";"+0.0124";" +7402";"J. Vandenbroere, 2020, pr. com.";"ASAS-SN";"ccd";"g filter; bright measurement"
"2458999.9294";"0.01";"+0.0108";" +7817";"J. Vandenbroere, 2020, pr. com.";"ASAS-SN";"ccd";"g filter; bright measurement"
"2459033.9054";"0.01";"-0.0017";" +7891";"J. Vandenbroere, 2020, pr. com.";"ASAS-SN";"ccd";"g filter; bright measurement"
"2459062.3880";"0.01";"+0.0041";" +7953";"J. Vandenbroere, 2020, pr. com.";"ASAS-SN";"ccd";"g filter; bright measurement"
"2459068.8183";"0.0008";"+0.0042";" +7967";"Samolyk, 2021a";"G. Samolyk";"ccd";"V filter"
"2459073.8778";"0.01";"+0.0113";" +7978";"J. Vandenbroere, 2020, pr. com.";"ASAS-SN";"ccd";"g filter; bright measurement"
"2459078.9234";"0.01";"+0.0046";" +7989";"J. Vandenbroere, 2020, pr. com.";"ASAS-SN";"ccd";"g filter; bright measurement"
"2459084.9019";"0.01";"+0.0122";" +8002";"J. Vandenbroere, 2020, pr. com.";"ASAS-SN";"ccd";"g filter; bright measurement"
"2459089.4872";"0.0007";"+0.0044";" +8012";"Samolyk, 2021a";"T. Arranz";"ccd";"V filter"
"2459095.9214";"0.01";"+0.0084";" +8026";"J. Vandenbroere, 2020, pr. com.";"ASAS-SN";"ccd";"g filter; bright measurement"
"2459138.6329";"0.0009";"+0.0047";" +8119";"Samolyk, 2021a";"G. Samolyk";"ccd";"V filter"
"2459154.7026";"0.01";"-0.0012";" +8154";"J. Vandenbroere, 2020, pr. com.";"ASAS-SN";"ccd";"g filter; bright measurement"
"2459459.6867";"0.0007";"+0.0056";" +8818";"Samolyk, 2022a";"G. Samolyk";"ccd";"V filter"
"2459463.3615";"0.0020";"+0.0060";" +8826";"J.F. Le Borgne, 2021, pr. com.";"S. Dufoer";"ccd";"V filter"
"2459479.4359";"0.0008";"+0.0048";" +8861";"Samolyk, 2022a";"T. Arranz";"ccd";"V filter"
"2459514.3441";"0.0007";"+0.0059";" +8937";"Samolyk, 2022a";"T. Arranz";"ccd";"V filter"
"2459779.8217";"0.0008";"+0.0063";" +9515";"Samolyk, 2023a";"G. Samolyk";"ccd";"V filter"
"2459823.4564";"0.0009";"+0.0072";" +9610";"J.F. Le Borgne, 2022, pr. com.";"S. Dufoer";"ccd";"V filter"
"2459870.3045";"0.0006";"+0.0064";" +9712";"Samolyk, 2023a";"T. Arranz";"ccd";"V filter"
"2459893.2710";"0.0018";"+0.0077";" +9762";"J.F. Le Borgne, 2022, pr. com.";"S. Dufoer";"ccd";"V filter"
"2460174.8232";"0.0008";"+0.0071";"+10375";"Samolyk, 2024";"G. Samolyk";"ccd";"V filter"
"2460179.4180";"0.0120";"+0.0089";"+10385";"Pagel, 2024";"G. Bï¿½sch";"dslr";""
"2460201.4634";"0.0013";"+0.0077";"+10433";"Samolyk, 2024";"T. Arranz";"ccd";"V filter"
"2460219.3755";"0.0009";"+0.0070";"+10472";"Samolyk, 2024";"T. Arranz";"ccd";"V filter"
"2460224.4283";"0.0012";"+0.0075";"+10483";"J.F. Le Borgne, 2023, pr. com.";"S. Dufoer";"ccd";"V filter"
"2460225.3482";"0.0001";"+0.0088";"+10485";"Samolyk, 2024";"T. Arranz";"ccd";"V filter"